url,title,content
https://aurora.dawn.com/news/1145612/,Aurora Magazine,"EDITORIAL
Mamun M. Adil
Uzma Khateeb-NawazShizra Mangnejo
(in alphabetical order)Reema AbbasiAmber ArshadSarwat Yasmeen AzeemLeila M. BarryZeenat ChaudharyVanessa D’SouzaJahanzaib HaqueMahnaz HasanTabinda HussainSophia KhanTariq Sayeed KhanTariq Ziad KhanFouzia MaparaMarylou McCormackAreeba MohsinFaisal RoshanOsama SaeedOsman SamiuddinAyesha ShaikhAlifya SohailAnusha Zahid
DESIGNEssa Malik, Radia Durrani, Sarah Durrani, Farooq D. Saati & Saad Arifi
Special MentionTannaz Minwalla, Mannan Hatim Ali & Creative Unit
PHOTOGRAPHYStephan Andrew & Whitestar
PRODUCTIONKhalil Mohsin
MARKETINGShakeel Masud Hussain & Junaid Akram
CIRCULATIONGhazanfar Raza & Ramzan Ali Fida
MISImran Saeed & Liaquat Ali
AND…Masood Hamid and Niloufer Patel.You are no longer among us, but your contribution to the making ofAurorawas immense.
CONTRIBUTORS(in alphabetical order)
AGENCIESNagin AnsariEjaz AsiAmina BaigJulian BouldingPatrick CollisterNeil P. ChristyBilal DallenbachNida HaiderSyed Amir HaleemMasood HassanUrooj HussainImran IrshadJaved JabbarSeema JafferUmair KaziAssam KhalidAzam Jalal KhanShazia KhanRaaj KherajSheryar LatifKhalid NaseemHuma QureshiSara Amjad QureshiShoaib QureshyAamir RaufAmber RaufAmin RammalKarim RammalUmair SaeedJulian SaundersS.M. ShahidFaizan S. SyedKiran Zahid
CREATIVESImtisal AbbasiRashna AbdiAsrar AlamSameer AliArshad AwanFahad BombaywalaAlia ChughtaiFaraz Maqsood HamidiTay Guan HinAfzal HussainMariam HussainYawar IqbalAdeeba KhanMuhammad Ali KhanSemyne KhanOswald LucasMuzaffar ManghiTamoor MirSumaira MirzaVanessa Nabia MuzaffarHira MohibullahKiran MuradMisha MuttalibNadeem Farooq ParachaSami QaharKhaula Yasmin QureshiSadia RaufAli RezAli A. RizviAli Hayat RizviShahid SalamatFarah Naz Haider ShaikhAdnan SyedTaimur TajikSarah K. YaldramZohra Yusuf
BRANDSAd Mad DudeQamar AbbasMuneeb AkramSamreen AzwarMazhar M. ChinoyMariam DurraniHumayun FarooqOmar FarooqSheikh Adil HussainAamir IbrahimFarhia JabbarSadia KamranZain MankaniAamir PashaAnthony J. PermalSarah SiddiquiTyrone TellisEjaz Wasay
MEDIARafi AbidiIrfan AamirRamla AkhtarYasser AkhtarSarmad AliTalat AslamFarieha AzizPuruesh ChaudharyZunaira DurraniShakir HusainSalma JafriAamer Ahmed KhanFarhan KhanUsama KhiljiBadar KhushnoodKiran Sardar KohatiRishad MahmoodSabeen MahmudZahrah MazharRaihan MerchantAneek Saleh MohammadHajrah MumtazAli Hasan NaqviNofil NaqviArifa NoorImtiaz NoorShaheryar PopalzaiAsim QureshiMurtaza RazviAsad-ur-RehmanYasir RiazRubab RizviAfia SalamEisha SalimMunizeh SanaiJerjees SejaAhsan ShaikhElhaam ShaikhZahra Salah Uddin
MARKET RESEARCHNoaman AsarAsfand AslamWahab GhaznaviDr Ijaz Shafi GilaniNazeeha HussainAns KhurramDanial PiraniJawaid M. SalikKashif Hafeez Siddiqui
ARTIFICIAL INTELLIGENCE (AI)Zeerak AhmedAmir JahangirDr Ihsan Ayyub QaziDr Agha Ali Raza
BANKING & FINANCEKazim AlamJavaid IqbalNasir JamalRaeda LatifArafat MirUmair MohsinHasan SaeedJafer Ali Shariff
BUSINESS SCHOOLS & ACADEMIADr Erum Hafeez AslamJunaid AzizFarishta DinshawJawwad Ahmed FaridDr Ishrat HusainDurriya KaziFauzia Kerai KhanLeon MenezesAkbar S. Zaidi
CLIMATE CHANGE & AGRICULTUREDr Mubarik AliShaista AyeshaS.H. Irtiza KazmiAisha KhanAmmar Habib KhanFaraz KhanLailamah Giselle KhanAijaz NizamaniTariq Alexander QaiserKazim SaeedNazish ShekhaShoaib Siddiqui
LIFESTYLESAliya AghaMehwish AslamFatima S. AttarwalaSiham BasirZeb BilalNazish ChaglaSalima Amin FeerastaTalha Bin HamidShazia HasanTaniya HasanMehr HussainSidra IqbalAamna Haider IsaniNaheed JafriSheherzad KaleemAamir Shafaat KhanMuna KhanSaman Ghani KhanAli Moeen MalikTooba MasoodDr Sheeza MohsinAkbar NotezaiRiffat RashidSonya RehmanShahrezad SamiuddinFaizan UsmaniRomano Karim Yusuf
PRAamir AbbasiZainab AnsariFareshteh AslamOmar JamilSelina Rashid KhanMenin RodriguesZohare Ali Shariff
START-UPSDr Najam A. AnjumJehan AraJawwad JafriNabeel QadeerMonis RahmanRabeel Waraich
TELECOMSaad K. BashirKhurram MahboobYasmin MalikK. Yousaf
THE AURORA FACT FILEDawnNewsGallup PakistanThe Jang GroupMedia LogicMediatrackMindShareMoveZ2C & Industry experts
NB: Although we have clubbed our
writers under their specific functions,
their insights appear across the
spectrum of our coverage through
the lens of their area of expertise."
https://aurora.dawn.com/news/1145541/,Aurora Magazine,"The first edition ofAurorawas published in July 1998.
Conceived as a marketing newsletter for DawnMedia,
the first issue was just 20 pages. The size and format
were based on the ones used by Campaign and Ad
Age (UK and US marketing-focused magazines); the format
lending itself to larger and bolder illustrative design. The design
was conceptualised and executed by Creative Unit, a top design
house led by Tannaz Minwalla and Mannan Hatim Ali. Creative
Unit set the template for the magazine, a template thatAuroracontinued to adhere to when the magazine’s design capabilities
were shifted in-house in September 2019.
Aurora’sambition was to prove bigger than the 20 pages of its
first edition; an ambition that was set out in the first editorial:“The
Aurora principle is the promotion of advertising excellence. This
was clearly established when, in December 1992,Dawnheld
the Aurora Awards… Today we extend the concept of advertising
excellence by publishingAurora –the print version.“
Twenty-seven years later, this ambition has been realised. The
magazine today has an average of 68 to 70 pages. In November
2001,Auroralaunched its Special Annual Edition at 60 pages,
incorporating theAurora Fact File, providing the only credibly
sourced data on ad spend. Over the years, the annual edition
increased to between 140 and 150 pages and is now a much-awaited
publishing event by the advertising community, especially
theAurora Fact File. In 2004 and 2008,AurorapublishedThe
Purple Book, a standalone directory of advertising services in
Pakistan, and in 2013,Clicks, Hits and Likes, a directory of digital
services available in Pakistan, was launched.
Aurorahas grown in stature to become an authentic voice of
the advertising industry. Authentic because its pages are written
by professionals across the advertising and marketing spectrum.
In many ways,Auroraacts as an enabler for the profession
by publishing diverse opinions and insights and providing the
profession a forum where new ideas can be expressed and
debated, with coverage extended to business, finance, industry,
the digital economy, the start-up ecosystem and consumer
lifestyle trends.
Aurora’slast issue features Pakistan’s auto industry and
its transition to renewable energy across the electric vehicle
spectrum – making it the third edition to devote a cover story
to automobiles, a sector where government policies, business,
the economy and consumers converge. The issue looks at the
ground realities and what it will take for EVs to turn into a viable
option in both the two- and four-wheeler segments. The intent
is there from the auto industry as well as from the government
perspective, but consumers will be harder to convince until the
infrastructure is made adequate and the cost benefits of running
EVs become tangible.
FromAurora’sarchives
INTERVIEWShahnoor Ahmed, CEO, Spectrum Communications
PROFILEDesign is a Business: Tannaz Minwalla and Mannan Hatim Ali, Creative Unit
ARTICLESThe Internet – The Newest Market– Azeem Pirani
Interview: Arshad Mahmud, musical composer and actor– Mariam Ali Baig
Once Upon a Future– Asrar Alam"
https://aurora.dawn.com/news/1145591/,Aurora Magazine,"There is something quite
unique in the telling of
the story of advertising
in Pakistan. Consider
how it started. A group of men
separately travelled to Karachi
from near and far… from Bhopal,
Bombay, Delhi, Calcutta, Lahore,
Lucknow… and other cities in
India. Others were Karachi-born
and bred. They were poets, artists,
art collectors, merchants, bon
viveurs, writers, civil servants,
musicians, raconteurs, bankers,
philanthropists and gentlemen
farmers; one was a prince.
In Karachi, they set up offices –
cramped and sparsely furnished:
oddly-assorted tables and chairs,
a few pens and pencils. A peon to
make the tea – the extent of their
staff. But all eager to be part of
the great nation-building effort that
Pakistan awaited. Their resources
were limited; their enthusiasm
boundless. These extraordinary
men were the founding fathers of
Pakistan’s advertising profession.
Our industry’s first superheroes.
Looking back, the scale of
their achievement is impressive.
Karachi in 1947 was an outpost
far from British India’s centres
of commerce located in Delhi,
Bombay and Calcutta. Business
had to be drummed up, staff
found, hired and trained, products
and services marketed, brands
built and customers wooed. Those
who moved to Karachi from their
agency headquarters in India
were better equipped (marginally);
at least they had experience in the
business and a client base to build
upon. The others had to start from
scratch and hope for the best. Yet
they forged ahead and laid the
foundations of the profession.
When television came upon
Pakistan’s advertising scene
in 1964, a new generation of
superheroes was ready to take
on the baton – and they did so,
with a burst of original creative
executions that still remains the
envy of today’s generation of
practitioners. The profession had
found its foothold. It was a period
of buoyant creativity. It was also a
time of consolidation.
Functions and systems were in
place, a few women were hired
(almost entirely in the creative
departments), the terms of
engagement with the media were
set and the foundations of some
of our best-loved national brands
were laid. The culmination of
this second phase in Pakistan’s
advertising history was marked
by the AdAsia ’89 Advertising
Congress in Lahore in February
1989. Under the chairmanship
of Javed Jabbar, the entire
industry, including the media,
coalesced (in a way not seen
before or since) to present a
programme that included a roster
of stellar speakers drawn from the
international world of advertising.
AdAsia ’89 put Pakistani
advertising on the global map.
If, thus far, the story of
Pakistani advertising was linear,
what followed was a marked
change in tempo. As the world
went global, Pakistani advertising
shed its insularity. The global
paradigm that governed the
rules of engagement between
advertising agencies and their
clients shifted, and marketing
assumed a central position within
client companies. The client was
now in the driver’s seat.
In Pakistan, this change
in paradigm found concrete
expression in the emergence of the
affiliated agency and the entry of
the media buying houses. Formerly,
clients appointed a single agency to
handle their entire brand portfolio.
Now, the portfolios were split
among agencies, and the brand
became the sole client. Then, as the
media buying houses consolidated
their presence in an increasingly
competitive media environment,
the media function moved from
the agency to become a separate,
specialist function. The established
model of agency commission was
compromised, and new business
models were introduced.
In the midst of these shifts, the
internet came along and rewrote
all the rules. Time compressed,
the media fragmented, brands
proliferated, consumers
demanded, and lifestyles went
into transformation. Pakistani
advertising agencies were forced
to reinvent themselves again
and again; from full-service, to
specialisation, to hybrids; from
independent to partial affiliates to
full-equity buyouts – and whatever
else worked in between. Along
with adapting to global influences,
the profession had to withstand
the peculiarities of Pakistan’s own
trajectory; the periods of economic
boom and bust, cycles of instability
and systemic uncertainties that
suppress an innate optimism
to do and think big. This
notwithstanding, ad spend in
Pakistan went from zero in 1947
to approximately four million
rupees in 1966 (Gallup Pakistan).
In 1983, it touched Rs 423 million
(Marketing Review), by the end
of 2017, the figure amounted to
Rs 87.7 billion (Aurora Fact File),
(an increase of 20,632% since
1983), and in FY 2023-24, despite
a severe economic downturn,
the figure stood at 114.63 billion
(Aurora Fact File).
What happens next is
anyone’s guess. AI is now upon
us, and the world is about to
experience change as it has
never before. Jobs are on the
line, and the oft resorted to
mantra of “AI won’t replace
humans, but humans who use
AI will”, may just be a temporary
placebo. Climate change is also
upon us, with consequences
likely to pose as big a
challenge as AI. In the midst of
all this, a new generation has
emerged who, in advertising
terms, are much harder to
reach and convince.
Today, the advertising
message has to be short, yet
tell a compelling story grounded
in authenticity. Most of all,
advertising must seek a higher
purpose; one that goes beyond
stereotypes, and is bold enough
to envision the uncertain future
we are headed towards.
This may not be the best time
for Aurora to pause. But pause
it must. Suffice it to say that the
journey has been a privilege. To
have been part of the story of
an amazing industry. One that
re-imagines itself with every
successive change, builds solid
brands, provides employment to
Pakistan’s most talented young
people, and on a good day, brings
magic and delight into our lives.
The next chapters in the
Book of Advertising now belong
to yet another generation of
superheroes. I, for one, will be
among their most avid readers.
Mariam Ali Baig is Editor, Aurora.baigmariamali@gmail.com
Parts of this article were reprised
from the author’s article in The Dawn
of Advertising in Pakistan, published
in Dawn on March 31, 2018."
https://aurora.dawn.com/news/1145592/just-saying-hitting-the-road-please-wait,Aurora Magazine,"
Pakistani consumers are enthusiastic, but not necessarily early
adopters. If something appears that makes sense to them
economically and improves their lifestyles, they are likely, after
due consideration, to adopt it. What is currently happening with solar
panels is proof of this, if any is needed.
The same enthusiasm will apply to new energy vehicles – eventually.
New energy vehicles – hybrid, electric and even biogas-run (see ourinterview with Hiroshi Kawamura, MD, Pak Suzuki) – are
a very good thing. Good for the environment and good for the pocket.
Furthermore, given the inadequacies of public transport systems, the
demand for cars surges as soon as the macroeconomic conditions
improve. In fact, according to data posted by the Pakistan Automotive
Manufacturers Association, car sales rose by 38% to 112,203 units in
FY 2025 compared to 81,579 units last year.
There are, however, significant concerns in terms of EVs; the charging
infrastructure, long-term battery life, affordability and resale value. For
manufacturers, the concern is scale – particularly cars. Scale, because only
when sales start to move the needle can investments become a viability. At
the heart of these concerns lies the inconsistency in government policies
and whether they are indeed implementable. Pakistan is littered with
policies that have failed because they are often drafted without considering
the ground realities and robust stakeholder buy-in. The 2019 Auto Policy
has come and gone without achieving much, and there are misgivings that
the new policy too may fall by the wayside. As it stands, the new policy
has been divided into three phases: building the infrastructure, supporting
manufacturers, followed by a full-scale transition from 2035. Missing is
the implementation roadmap. This said, there is definite interest (and
some investment) from manufacturers in both the two- and four-wheeler
segments. No one doubts that the transition to new energy vehicles is
inevitable, and everyone believes it is desirable. But how and when this
will happen, no one can say for certain. In the meantime, Pakistani consumers are sensibly adopting a wait-and-see policy.
With this issue,Aurorawill be taking a pause. Disruption has
finally caught up with the magazine; as eyeballs migrate online, so do
advertisers.Aurorahad favoured print because it prioritises a large-format
design and display. But times have changed, and the hope is that eventuallyAurorawill resurface with a strong online presence.
For theAurorateams (present and former) who gave each successive
edition their dedication and passion, this is a sad moment. Part of the
joys of working onAurorais the support we consistently receive from
the advertising and marketing communities, particularly in the form of
their contributions to the magazine. WhenAuroraappeared in 1998,
coverage about advertising, marketing, and brands was a rare occurrence,
except for a few dense articles in academic journals.Aurorachanged
this, and we are both immensely grateful for, and proud of, this. From
the get-go, senior and experienced professionals across the spectrum
of the advertising, marketing and media functions lent their support
toAuroraand demonstrated an exceptional (totally unexpected and
warmly welcomed) willingness to contribute their ideas and opinions to
the magazine. In turn, their example encouraged young people in the
industry to put forth their ideas and insights, creating the unique mix
of opinions that we see inAurora’spages today. This is what has kept
the magazine relevant, engaging and alive right up to this edition – and
what makesAurorathe authentic voice of this industry. A big shout-out
to every single one of our contributors;Aurorais as much a product of
your support as it has been the team’s. Thank you.
To our readers, you have keptAuroraon track for 27 years with your
presence and support. From a niche magazine with the remit to cover
advertising, marketing and the media, our readers today are drawn
from an increasingly wide cross-section of occupations and interests;
start-up entrepreneurs, economists, policymakers, academics, students
and thought leaders. We are overwhelmed and grateful for your time
and attention, and we are particularly proud that our pages have found
resonance across generations, from Boomers to Gen Zers.
Twenty-seven years is a long time, especially in today’s time-compressed
world. Looking back at our coverage, it is quite amazing to see the change
that has taken place and the pace of it. A cliché, but a reality too. The
magazine’s coverage has been vast, not only in opinion and commentary,
but hard stats and data – which will be available in our archives online.
A final word. In a recent interview, Mark Zuckerberg spoke about
Meta’s ability to use AI and eliminate the need for creatives, marketers
and agencies. Instead, businesses would be able to connect their bank
accounts to Meta, and their AI would then handle everything from
creating ads and videos to audience targeting and performance analysis.
How this will unravel in the future remains to be seen. But for sure, hadAurora’sspecial annual edition been published later this year, the question we would have asked our Talking Heads would have been: “In light of Zuckerberg’s statement, what is your response?”"
https://aurora.dawn.com/news/1145566/aurora-new-vistas-at-birth-in-life-and-in-farewell,Aurora Magazine,"Even thoughAurora’sscope
was marketing, advertising,
media and related aspects,
its sum was always more
than its parts. The state of the
world in general and of South
Asia in particular also influenced,
openly or obliquely, its evolution
and content. Conditions specific
to Pakistan were obviously the
most directly relevant. But the
holistic context in which the journal
conducted its journey for 27 years
remains central to how one views
that segment of time.
In 1998 and 1999, the internet
and the dotcom age began to
extend rapidly. This signalled
both the advent of entirely new
communication technologies and
the early signs of the decline of
conventional modes. Speculative
over-investment in the West in
dotcom start-ups led to a crash
in 2001, but basic changes in
speed and forms of connectivity
and their impact kept unfolding. A
few years after the disintegration
of the USSR and of Yugoslavia
in 1991-92, US intervention by
President Clinton to stop the
genocide by Serbia of Muslims in
Bosnia stemmed some of the new
uncertainties – an intervention
made all the more redeeming
of Western apathy because the
same American president was
impeached by Congress for the
Monica Lewinsky scandal – while
continuing unscathed to wield
power bolstered by sustained
public popularity!
When India exploded five
nuclear devices in May 1998,
Pakistan went one up with six
tests a couple of weeks later.
A new power dynamic was created. Indian Prime Minister
Vajpayee’s visit to Lahore in
February 1999 was followed by
the Kargil conflict in May-July
1999, and then by the exit of
the Nawaz Sharif government
and the inception of the General
Musharraf tenure of October 1999
to August 2008. While that phase
saw the emergence of global
phenomena like Google and
YouTube, that period had a special
significance for mass media in
Pakistan, including specialist print
journals likeAurora. Fuelled by
the government’s promotion of
easy credit to boost consumerism,
and by the post 9/11 spill-over
from Afghanistan into our country
of American billions along with
bountiful aid for Pakistan’s own
role in the War on Terror, and most
visibly perhaps by the military led government’s radical new
media policy of permitting the
launch of private TV channels
and FM radio stations in March
2002, the subjects covered byAurorabecame fertile sources for
observation, study of new data,
intense competition, analysis and
sharing of experiences.
Gradually, over the next 15
years, the conventional structures
of advertising witnessed
fundamental alterations. With the
roles of advertisers and media
buying houses assuming a new
primacy, and the recasting of the
position of advertising agencies,
and later with the emergence of
social media platforms there began
the decline in print media’s use
as advertising fora, and later (and
still ongoing), even of TV channels
and FM stations as new media
steadily expanded their reach. By
the time ofAurora’ssilver jubilee
in 2023, even as political instability
and economic uncertainty
prevailed (between 1998 and 2023
there were about 12 changes of
government – including caretakers – in 25 years), intrinsic changes in
the communications realm foretold
imminent grim closures to come.
YetAurora’srecord over two
and-a-half decades plus – in which there has been enormous
volatility and variety in the world,
the region and in Pakistan – is a
veritable treasure of perseverance
and achievement in specialised
journalism. Featuring contributions
from a wide range of professionals,
some of them veterans, many of
them new practitioners, from the
corporate sector, from advertising
agencies and from the conventional
media and new media,Aurorapresented a distinctive new array
of perspectives on virtually all
dimensions pertinent to its defined
areas of coverage, be they brand
competition or state regulation or
human resource training. Using
a graphic design style that was
also different from conventional
approaches – and a physical
size that this writer always had
difficulty adjusting to! – the
journal brought forth every two
months a refreshing assembly
of hard facts and subjective
opinions, always informative,
often educative, sometimes
obscure, reassuringly accessible.
This writer has the privilege
of knowing the founding editor,
Mariam Ali Baig well before
she assumed the mantle of
her responsibilities atAurora.
Commencing her writing in the
advertising sector, she remained
an exceptionally quiet, self
effacing, disciplined member
of the creative team at MNJ
Communications for several
memorable years, with other
equally remarkable women such
as Zohra Yusuf and the late, much
missed Saneeya Hussain. With
an understated demeanour and
with cool, calm capability Mariam
nurturedAurorathrough its early
phases, then through its flowering
and maturity, through the diverse
times of growth and success,
and now into its unfortunate
forthcoming closure due to factors
entirely beyond her control. There
is comfort to be derived from the
fact that print journals across the
world with once-spectacularly
large sales and circulation, as well
as periodicals in Pakistan, notably
theHeraldandNewsline, she
and others have had to conclude
their tenures due to the impact of new subversive technologies
and trends. But through this
painful climatic phase, Mariam’s
able editorial leadership and
her personal qualities of undue
modesty have remained consistent
and unchanged.
Supporting her with unusual,
undemonstrative yet very
competent abilities have been
talented team members like
Mamun M. Adil and Marylou
McCormack, and other colleagues,
both in the textual and the design
teams, full-time or as freelancers.
In the last category, as the back
page columnist par excellence,
Faraz Maqsood Hamidi has
proved to be prolifically thoughtful,
provocatively outspoken and
always readable. Together,
theAurorateam has made a
salutary contribution to accurately
documenting and vividly portraying
a crucial and substantive part
of the history of commercial
communication in Pakistan.
By introducing this journal, and
by sustaining its regular publication
for over a quarter century, Pakistan
Herald Publications rendered
a stellar role in advancing and
developing new frontiers in
specialised journalism. Advertisers
did provide some vital support.
But, for the record, one is obliged
to state that the corporate sector
of Pakistan, otherwise so helpful
to multiple worthy causes in the
public interest and social welfare,
should have/could have, in and
beyond 2025, done far more to
ensure the continuity ofAuroraas a most deserving recipient of
regular advertising and of financial
stability through the application of
Corporate Social Responsibility
(CSR) resources, becauseAurora’svalue as a credible critic of its
canvas should have been seen as
far more than the narrow measure
of ROI because as machine
intelligence and AI have opened up
utterly new heights as well as dark
chasms whose implications for
mediaAurorawould have probed
so well, and finally becauseAurorasincerely was, should be, and will
be, regarded as far more than only
the sum of its parts.
Javed Jabbar is the recipient of the
first Lifetime Achievement Award
presented by the Pakistan
Advertisers’ Society in 2017 and the
first Pakistani advertising practitioner
admitted to the Hall of Fame of the
Asian Federation of Advertising
Associations in 2019.javedjabbar.2@gmail.com"
https://aurora.dawn.com/news/1145523/agencies-in-transition,Aurora Magazine,"In July 1998, when the first edition ofAurorawas launched,
Pakistani ad agencies were in a state of flux. The traditional
full-service agency was under stress. The ‘one client, one
agency’ rule had been broken, with clients opting to split
their accounts according to their brands, thereby redefining
the agency’s preeminent role as one of ‘brand custodianship’.
It was also a time when seeking affiliations with global
networks became the gateway to securing global accounts and
accessing global learnings. Today’s younger agency personnel
will find it difficult to imagine both the importance and impact of
global affiliations in a world where the internet did not exist and
where the opportunities for global exposure were limited mainly
to attending regional and international advertising conferences,
prospects only afforded to the lucky few. (In this context, the
impact of AdAsia 89 must be measured). This period portended
towards the end of agency leadership, with multinational
clients taking the lead in shaping the direction of strategy for
Pakistan’s ad agencies. More significantly, globalisation saw
the entry of media buying houses and the disruption of the
15% agency commission (the basis of every agency’s revenue
model) as media placement migrated to newly established
media agencies.
Then, the internet happened and technology upended all
the rules. It took some time for the full effects to take hold. New
media became the new buzzword and agencies struggled
to set up digital divisions, only to see that function migrate to
specialised digital agencies. Catapulted into a client-driven era of
specialisation, agencies sought to reinvent themselves, and the
full-service (360-degree) agency was declared dead. But then
specialisation became too disruptive, with clients struggling to
manage multiple service partners, and the full-service agency
was revived under the somewhat unsatisfactory nomenclature of
‘hybrid’ agencies.
In the face of the technological advancements driving
digital media, ad agencies had to reconcile themselves to
relinquishing their media placement capabilities as well
as their digital ambitions. They became what we now call
‘creative agencies’ – a function that remains under constant
erosion by media, digital and OOH agencies, and even
more fundamentally by the tech agencies. The next major
inflection point for creative agencies will now take shape in
the AI domain.
Looked at from the vantage point of the last 27 years,
agencies remain very much in transition – that is perhaps
the one constant reflected inAurora’s coverage. Today, new
agencies are emerging (for example, Alt Story and Viral
Edge) based on new revenue models, project-based hiring
and promising more agility, better ideas and better results.
That the ‘traditional’ agencies continue to survive is a tribute
to their tenacity and their ability to adopt and adapt, but
the question is, for how long? ‘Creator marketing’ – where
brands pay social media celebrities to promote their brands
– is paving the way for specialist ‘creator agencies’ to further
amplify the reach of social media influencers. Such new
developments, along with the entry of AI into the equation,
portend to another grand realignment of the marketing
communications function. The fundamentals of brand
building will remain the same, but the skills and the services
to deliver on this will require a radical overhaul of how the ad
agencies themselves function.
INTERVIEWSAtiya Zaidi – MD & ECD, BBDO Pakistan
Imran Syed, CEO, Adcom Leo Burnett
PROFILESThe Man Behind the Brand: Shoaib Qureshy,
MD, Bulls Eye DDB Group
Living the Advertising Adventure: Nida Haider Khan, Head of Brand Strategy, IAL Saatchi & Saatchi
ARTICLESZabardasti Ki Baat– Atiya Zaidi
Agency Business and the Future– Amin Rammal
Requiem for an Industry– Faizan S. Syed
And This Is How You Do It, Folks!– Sheryar Latif
Advertising and the Darkening Storm– Marylou Andrew
Meet the New Client– Shoaib Qureshy"
https://aurora.dawn.com/news/1145524/perspectives-on-creative,Aurora Magazine,"Evaluating the creative journey of Pakistan’s ad
agencies needs to be seen from the vantage point
of what has been justifiably termed the ‘Golden Age
of agency creativity’ in the seventies.
This was the era that produced genuinely iconic advertising, including
State Life’s ‘Aye Khuda Mere Abu Salamat Rahain’, Binaca’s
‘SubhaBinaca,ShaamBinaca,Sehat Ka PaigamBinaca’,
Peek Freans’ ‘Pied Piper’ and Lawrencepur’s ‘Lyla is a Lady’
to name a few. Rhythm of Unity was indeed produced in 1993
– but was essentially an extension of the advertising that
came out of the seventies. What made the advertising of the
seventies so exceptional was that it was a 100% Pakistani
effort. This was the era when there was only one television
channel in Pakistan – no satellite, no cable. There was no
internet and global ad affiliations were still in the future. So no
references; just Pakistani imagination and creativity.
Come 1998, the yearAuroraappeared on the scene,
this era was already a bygone one. Traditional agency
models were fragmenting and brands (and consequently
clients) reigned supreme. The process of globalisation,
which began in the eighties, brought with it an influx of
international brands to the market, now sustained by
the exposure afforded to audiences through cable and
satellite television. Consumers saw and wanted, and global
brands were ready to oblige. To secure their share in an
increasingly competitive market, global brands sought
affiliations with local agencies to maintain the consistency of
their communication across markets. Somewhat parallel to
these developments, India emerged as a premier consumer
market and in the process developed its own particular type
of creative advertising communication.
In Pakistan, as agencies scrambled for global affiliations and
new learning, creativity found itself caught between adapting
regional communications developed by their global affiliate
and pandering to the desire of local clients to create Indian
‘inspired’ advertising. Pakistani creativity was being stifled.
Despondency set in. Not only was Pakistan conspicuously
absent from international award shows, but by the turn of the
Millennium, creativity was under severe critique by Pakistan’s
own ad world for being mediocre, stereotypical and capable of
only producing copycat (mainly Indian) inspired versions.
Then Covid struck. Budgets came under pressure and
digital and social media marketing began to be embedded
in the mix. Turnaround times became shorter, consumer
expectations changed and brands started to look beyond their
traditional service partners for their marketing solutions. And
the gap was quickly filled by smaller, more agile outfits, willing
to produce big work on small budgets. The larger agencies
howled their indignation but clients were not listening. It
was whatAuroratermed the ‘big squeeze’ with agencies
caught between a rock and a hard place. Yet, asAurorapredicted, the ‘squeeze’ became an opportunity, perhaps
even a catalyst, in driving better creative output. Whatever the
reasons, creativity rose to the challenge and the international
awards started to come in.
Today, ‘creative’ is under transformation as the function
itself splits into differentiated specialisations, most notably on
the social media and marketing influencer fronts, and it now
must gear itself up to meet the next big challenge, this one
posed by AI.
INTERVIEWSFaraz Maqsood Hamidi, CCO and CEO, The D’Hamidi Partnership
Zohra Yusuf, Chief Creative Officer, Spectrum Communications
PROFILESThe Man From San Francisco: Ali Rez, Regional CCO, Middle East and Pakistan, BBDO Worldwide
Champion of the Third Path: Hira Mohibullah, ECD, BBDO Pakistan
ARTICLESLosing Shine– Javed Jabbar
What Will Brands Look Like In 2098?– Ali Rez
“Naach Meri Jaan, Tujhe Paisa Milay Ga” – Yawar Iqbal
A Good Time to Be Creative– Zohra Yusuf
How to Revive Pakistan’s Great Advertising Legacy– Ad Mad Dude
How Cuteness Conquered the World–  Julian Suanders"
https://aurora.dawn.com/news/1145525/the-supremacy-of-brands,Aurora Magazine,"Brands as powerhouses of consumer wants came
into their own in Pakistan in the eighties. The
seventies saw the consolidation of the advertising
agency as the client’s advertising communications
partner. The launch of PTV in the sixties was a game
changer – in the same order of impact magnitude as the
internet would have in the nineties – with clients and their
agencies scrambling to promote their products and services
on this new and exciting medium. In those days, agencies
handled the entire gamut of their clients’ marketing
requirements – concept creation, copy and script writing,
media placement, film and production.
By the late seventies, as the effects of a nascent
globalisation began to reach Pakistan, a transformation of
the agency-client relationship began to take place, driven
by the notion of branding – the need to establish product
differentiation in the consumer mind. Good products
became ‘brands’ that spoke to consumer needs and
aspirations. Successful branding meant creating a distinct
emotional and long-lasting bond. Buying a product was no
longer just a utilitarian act; it was a statement of aspiration.
To create this distinction, clients divided their brand
portfolios among different agencies, with no one agency
handling the entirety of the portfolio.
Understanding consumers became the key to brand
success. Part of it lay in reaching consumers through every
available medium, giving Marshall McLuhan’s expression
“the medium is the message” the credence it deserved.
Every medium was exploited to its fullest potential, and the
consumer journey and experience became the lynchpin of
every marketing strategy.
Then the internet connected the world in a way until then
unimaginable. Consumers were exposed in real-time to
whatever was going on worldwide. New products, new trends,
new lifestyles – everything was there to behold and aspire
to. Advertising became frenetic, leaving clutter everywhere
while creating incipient fatigue among consumers who were
tired of being exposed to relentless promotional messaging.
Suddenly, brands had to do a lot more than deliver aspirations.
Consumers started to ask for something extra from their
brands. Quality and superiority were not enough; brands had to
take a position and have a purpose.
In the battle for supremacy, multinational brands led the
way in Pakistan. They brought in media buying houses and
introduced the skills and tools essential for effective placement
in a fragmenting media environment. Their affiliates introduced
new tools, systems and learnings.
The more interesting stories are the national brands –
Candyland, EBM, Engro, National Foods, Lucky Group, Shan
and Tapal, to name just a handful. Brands that absorbed
best practices in terms of their products, professionalism and
ethical practices. Today, these brands shine as examples of
what national brands can achieve. Along the way, some worthy
brands have lost their market pre-eminence – Capri, Tibet –
while others vanished in the fray. This said, for the most part,
brands in Pakistan have demonstrated extraordinary resilience.
They have not only met the challenges of changing consumer
expectations; they have weathered the multiple economic
storms the country has faced, especially in the last five years.
FromAurora’sarchives
INTERVIEWSAmir Paracha, CEO, Unilever Pakistan
Zeelaf Munir, MD & CEO, EBM
PROFILESThe Master of Spices:Sikander Sultan, Founder and Chairman, Shan Foods Industries
Substance Over Symbolism:Rabel Sadozai, Director, Marketing and Sales, Fatima Group
ARTICLESWhat Makes a Pakistani Brand?– Sheikh Adil Hussain
Pakistan’s Vanishing Icons– Sami Qahar
The What and the Why of Data– Ans Khurram
Branding in a Time of Boycott– Nadeem Farooq Paracha
Interview: Saira Shamoon, Head of Design and Creative & Tinath Saeed, Manager Corporate Communications, Khaadi–  Marylou McCormack
How to Build Generation-Proof Brands– Muhammad Ali Khan"
https://aurora.dawn.com/news/1145581/the-last-rant,Aurora Magazine,"When I filed my first
column forAurora27 years ago in
1998 (yes, that’s
right, around about the time
most of you were born), the
advertising world operated on
three sacred truths: 1) The client
is always right (even when they
are patently wrong); 2) This will
only take five minutes (possibly
the greatest lie ever told in the
creative department); and 3) The
cheque is in the mail (the second
biggest lie).
While these tenets still ring
true, there are some things that
actually have changed.
‘Going viral’, for instance,
actually meant that you were
in sore need of antibiotics.
‘Influencers’ were called
‘celebrities’ and, believe it or
not, actually had something we
loosely referred to as ‘talent’.
What you call ‘content’ today
was still tagged as ‘work’. The
advertising industry was actually
‘industrious’ in the sense that
it was populated by men and
women who were citadels of
ideas and not the marketing
technologists that pepper today’s
soup of algorithmic banality.
And, lastly, being ‘data-driven’
meant asking the planning and
client services team for their
considered opinion on expanding
the canvas of possibility that lay
open before us.
The tools have changed
(goodbye mechanicals and comps;
hello AI-generated nonsense), but
the fundamental challenges still
remain surprisingly stubborn – like: 1) How do you sell things to people
who don’t really want to be sold to?
and 2) Does smoking weed really
make you extra creative or just gets
you fired?
I don’t really know the answers.
But, over the past three decades, I
have witnessed our industry cope
precariously and endlessly through
a cycle of our very own version of
the Seven Stages of Grief:
1. Denial:Print isn’t dying –
it’s evolving!2. Anger:You want how many
revisions – and by when?3. Bargaining:If we win this
award, we’ll never compromise
our ethics.4. Depression:Why did we
spend six months on a campaign
they’ll forget in six seconds?5. Acceptance:Fine, we’ll
make the logo bigger.6. Relapse:Actually,
what if we did try something
spectacularly bold?7. Amnesia:This time, I’m going
to make a meaningful difference.
Despite this endless loop
in a race to the bottom, the
occasional miracle does happen.
Great work still gets made. The
kind that burns the edges of
mediocrity and singes its magic
into collective memory. The
kind of work we get out of bed
for – so that luck, circumstance
or coincidence might hand us
that golden wand of justified
irreverence that can bend light or
evaporate darkness.
Okay, I’m taking this too far…
If the master-blender of
these spells actually existed,
that person would be a multi
zillionaire. Sadly, he doesn’t exist.
So you will have to bear with
more unsolicited advice if you
are new to the game – or still
haven’t emigrated to Canada.
1. To Creatives:Pick your niche
and develop a portfolio that
scares clients a little. The days of
the generalist are long gone. But
the days of micro-speciality and
co-creation are here. So become
a silver bullet among a flock of
blunt arrows.
Lousy presentation skills
decimate your team’s hard
work. If your firm doesn’t have
a professional presenter, find
one. Pay them handsomely.
End of discussion.
The best revenge against
bad clients is great work for
good ones. Stagnant blood is
bad blood. When people and
clients move, that is great for
the industry. But if you or your
staff are getting abused, end the
relationship. Immediately.
2. To Clients:Lazy briefs lead
to lazy work. If you are a
marketing professional, at the
very least, you should know the
art of making marks: Verbal.
Visual. Vivid. Getting the agency
to guess what’s on your mind is
a wasteful and gloomy exercise.
If the work is not visible,
someone invisible is on the take.
Know now that if you have a rat
on your team, the damage they
will do will fester long after they
are gone. Ventilate your culture
with rigorous brand policing.
Trust your agency. Instinct
cannot be bought: It takes up
to six months to get chemically
aligned with your agency partners.
Without underlying trust, you will
turn them into psychopaths and
yourselves into sociopaths.
3. To Everyone:Awards are
great; paycheques are better.
Of all the ways that are out
there to pimp your ego, please
remember that no agency has
won business based on the
number of awards they have
won. None.
No one ever got fired for doing
great work: Okay, maybe a few
people – on weed. But it’s always
easier to tone down an overly
creative crackerjack compared to
igniting the dead imagination of
a well-meaning dullard.
The industry will change.
Your integrity shouldn’t: No
explanation needed here.
I can’t leave without
expressing gratitude to everyone
who kept my column Above
the-Line inAuroraalive and
kicking. My ex-wife came up
with the name, and I have to
admit, it lasted way longer
than our union ever did. I have
also been asked on many
occasions to send an entry to
Guinness World Records for the
record on the world’s longest
running advertising column
by a single author. Naturally, I
refused. Because if you must do
something that only exhibits your
vanity, it’s best done in private.
To the Readers:You remain
my favourite kind of focus group.
Unpaid, but brutally honest.
Your emails (from ‘Brilliant!’ to
‘Bullshit!’) kept me sharper than
any editor.
To the Editors:For turning my
rants into something resembling
coherence, for pretending my
deadlines were flexible rather
than fictional, and for making my
typos look like stylistic choices;
few can compare with the
editorial acumen ofAurora.
To the Industry:You are
maddening, inspiring, frustrating
and wonderful – often before
lunch. Never change. (But, also,
please do.)
To close, a word or two about
the future. As of right now, it’s
commonly understood that AI
will not replace creatives, but
creatives using AI will replace
those who don’t. I tend to agree.
Technology is one of the many
resources smart creatives have
at their disposal. Secondly, the
next ‘Big Idea’ will look nothing
like the last one (which is a
good thing). And if it’s laced
with cultural resonance or moral
courage, it has the makings of
a real contribution to our craft
and purpose. Thirdly, someone
will finally crack the metaverse –
probably right after the rest of us
have given up.
And, lastly, advertising, at best,
has never been about selling.
It’s been about connecting. For
three decades, this column has
tried to do the same with the
understanding that progress is
not achieved by the guardians of
morality or the status quo but by
the mad men, hermits, heretics,
thinkers, dreamers, rebels,
sceptics, poets and artists. In
other words, stupidity is filled
with certitudes, but those with
any degree of imagination are
filled with doubt and anxiety.
Have I reached a thousand
words? Yep. It’s over – and
I’m out.
Faraz Maqsood Hamidi is CCO and
CEO, The D’Hamidi Partnership, a
worldwide partner agency of WPI."
https://aurora.dawn.com/news/1145526/the-media-buying-houses,Aurora Magazine,"One of the stories to appear in the first edition ofAurorain July 1998
was titled Media Buying Houses in Pakistan. The Wrong Place?
The Wrong Time? The story was indicative of the disruption their
entry was about to cause. Until then, media placement was
situated in the heart of the agency. Not only that, the agency’s revenue
model was based on the 15% commission earned by the agency for every
media placement made. Resistance from the agencies was inevitable.
Beyond agency resistance, a major concern was that the skillsets
required to deliver the media buying function were lacking.
Media buying was about identifying the most effective advertising platform for a campaign
and then negotiating the best rate with the media. By then, media choices
had expanded beyond satellite and cable TV, with new options emerging
in print, outdoor and below-the-line advertising. Nevertheless, the question
inAurora’s first edition was worth posing, at least in the context of local
brands, although in terms of multinational brands, media buying houses
were late in coming to the party in Pakistan.
The first media buying house to set up in Pakistan was Pak Mediacom,
an affiliate of Mediacom Worldwide, in 1996. The company was launched
by Blazon, then affiliated with Greys. In 1998, Pak Mediacom was bought
out by its employees and began to pitch for independent media business. It
was headed by Raihan Merchant (now founder and chairman of Z2C), who
can justifiably be called the “father of Pakistan’s media agencies.” Aware of
the huge skills gap, Merchant set about designing the training required –
an initiative that continues today across the Z2C Group of companies. In
fact, many media specialists today are the product of Merchant’s training.
The second entrant was Mindshare in 1999; the third to emerge was Matrix
Media in 2000.
At the start, media buying was mostly limited to “bulk” buying (securing
the best discount from the media). However, with the opening up of private
TV channels and FM radio in 2002, and later the advent of digital, followed
by the social media revolution, media agencies came into their own, placing
media as well as providing strong creative input. Media buying became the
catalyst for the setting up of Peoplemeters in Pakistan. Here, it is pertinent
to underscore that until then, media data was either unavailable or
unreliable. Digital played the critical role in making data the centrepiece of
media buying decisions.
Media agencies have come a long way since 1998, and ad agencies
have had to reconcile themselves to losing the media placement function
and replace their revenue model from a media placement commission to a
fee model based on their creative output. The next challenge for media
buying is to incorporate AI in their planning and create messaging that
sticks in an increasingly ad-averse world.
FromAurora’sarchives
INTERVIEWRaihan Ali Merchant, Chairman and Founder, Z2C
PROFILEPlanning for Success:Benish Irshad, COO, Starcom and CEO, Publicis Media
ARTICLESOwning the Right Moment, Not the Data– Urooj Hussain
Dodging the Algorithm– Riffat Rashid
Preparing for the Next Phase in the Media Agency Ecosystem– Farhan Khan"
